id;name;email;phone;address
1;reciprocal withdrawal;Guy83@yahoo.fr;0506757948;paradigm
2;foreground XSS engage;Serge43@yahoo.fr;+33 279075023;programming Avon neural
3;d'Abbeville Jewelery;Marc10@hotmail.fr;+33 453297445;a Wooden
4;Metal Wooden back-end;Adenet80@yahoo.fr;0701740629;Multi-layered Hryvnia
5;orange;Justine.Perez@hotmail.fr;0575104949;Bike payment Borders
6;neural a Avon;Armande68@gmail.com;0190133120;Pants
7;Market Gorgeous;Maxellende.Colin@hotmail.fr;+33 711489388;Rh√¥ne-Alpes bluetooth Superviseur
8;Rubber deposit;Ambre71@yahoo.fr;+33 349944383;Fresh array
9;systems expedite;Guilhemine.Martinez56@yahoo.fr;0618654518;c
10;reintermediate e-business Loan;Acanthe_Lecomte76@gmail.com;0397667631;leading-edge synthesize Money
